_input,_num,_widgetName,_source,_resultNumber,_pageUrl,album,album/_source,album/_title,album/_text,artist,rating
webpage/url:https://rateyourmusic.com/customchart?page=1&chart_type=top&type=album&year=alltime&genre_include=1&include_child_genres=1&genres=&include_child_genres_chk=1&include=both&origin_countries=&limit=none&countries=|,1,rym 300,rym 300,1,https://rateyourmusic.com/customchart?page=1&chart_type=top&type=album&year=alltime&genre_include=1&include_child_genres=1&genres=&include_child_genres_chk=1&include=both&origin_countries=&limit=none&countries=,https://rateyourmusic.com/release/album/radiohead/ok_computer/,/release/album/radiohead/ok_computer/,[Album45],OK Computer,Radiohead,4.24
webpage/url:https://rateyourmusic.com/customchart?page=1&chart_type=top&type=album&year=alltime&genre_include=1&include_child_genres=1&genres=&include_child_genres_chk=1&include=both&origin_countries=&limit=none&countries=|,2,rym 300,rym 300,2,https://rateyourmusic.com/customchart?page=1&chart_type=top&type=album&year=alltime&genre_include=1&include_child_genres=1&genres=&include_child_genres_chk=1&include=both&origin_countries=&limit=none&countries=,https://rateyourmusic.com/release/album/pink_floyd/the_dark_side_of_the_moon/,/release/album/pink_floyd/the_dark_side_of_the_moon/,[Album976],The Dark Side of the Moon,Pink Floyd,4.27
webpage/url:https://rateyourmusic.com/customchart?page=1&chart_type=top&type=album&year=alltime&genre_include=1&include_child_genres=1&genres=&include_child_genres_chk=1&include=both&origin_countries=&limit=none&countries=|,3,rym 300,rym 300,3,https://rateyourmusic.com/customchart?page=1&chart_type=top&type=album&year=alltime&genre_include=1&include_child_genres=1&genres=&include_child_genres_chk=1&include=both&origin_countries=&limit=none&countries=,https://rateyourmusic.com/release/album/the_velvet_underground_nico/the_velvet_underground_and_nico_f1/,/release/album/the_velvet_underground_nico/the_velvet_underground_and_nico_f1/,[Album173],The Velvet Underground & Nico,The Velvet Underground; Nico,4.33
webpage/url:https://rateyourmusic.com/customchart?page=1&chart_type=top&type=album&year=alltime&genre_include=1&include_child_genres=1&genres=&include_child_genres_chk=1&include=both&origin_countries=&limit=none&countries=|,4,rym 300,rym 300,4,https://rateyourmusic.com/customchart?page=1&chart_type=top&type=album&year=alltime&genre_include=1&include_child_genres=1&genres=&include_child_genres_chk=1&include=both&origin_countries=&limit=none&countries=,https://rateyourmusic.com/release/album/pink_floyd/wish_you_were_here/,/release/album/pink_floyd/wish_you_were_here/,[Album974],Wish You Were Here,Pink Floyd,4.30
webpage/url:https://rateyourmusic.com/customchart?page=1&chart_type=top&type=album&year=alltime&genre_include=1&include_child_genres=1&genres=&include_child_genres_chk=1&include=both&origin_countries=&limit=none&countries=|,5,rym 300,rym 300,5,https://rateyourmusic.com/customchart?page=1&chart_type=top&type=album&year=alltime&genre_include=1&include_child_genres=1&genres=&include_child_genres_chk=1&include=both&origin_countries=&limit=none&countries=,https://rateyourmusic.com/release/album/the_beatles/abbey_road/,/release/album/the_beatles/abbey_road/,[Album12],Abbey Road,The Beatles,4.35
webpage/url:https://rateyourmusic.com/customchart?page=1&chart_type=top&type=album&year=alltime&genre_include=1&include_child_genres=1&genres=&include_child_genres_chk=1&include=both&origin_countries=&limit=none&countries=|,6,rym 300,rym 300,6,https://rateyourmusic.com/customchart?page=1&chart_type=top&type=album&year=alltime&genre_include=1&include_child_genres=1&genres=&include_child_genres_chk=1&include=both&origin_countries=&limit=none&countries=,https://rateyourmusic.com/release/album/king_crimson/in_the_court_of_the_crimson_king_f40/,/release/album/king_crimson/in_the_court_of_the_crimson_king_f40/,[Album2328],In the Court of the Crimson King,King Crimson,4.28
webpage/url:https://rateyourmusic.com/customchart?page=1&chart_type=top&type=album&year=alltime&genre_include=1&include_child_genres=1&genres=&include_child_genres_chk=1&include=both&origin_countries=&limit=none&countries=|,7,rym 300,rym 300,7,https://rateyourmusic.com/customchart?page=1&chart_type=top&type=album&year=alltime&genre_include=1&include_child_genres=1&genres=&include_child_genres_chk=1&include=both&origin_countries=&limit=none&countries=,https://rateyourmusic.com/release/album/the_beatles/revolver/,/release/album/the_beatles/revolver/,[Album206],Revolver,The Beatles,4.33
webpage/url:https://rateyourmusic.com/customchart?page=1&chart_type=top&type=album&year=alltime&genre_include=1&include_child_genres=1&genres=&include_child_genres_chk=1&include=both&origin_countries=&limit=none&countries=|,8,rym 300,rym 300,8,https://rateyourmusic.com/customchart?page=1&chart_type=top&type=album&year=alltime&genre_include=1&include_child_genres=1&genres=&include_child_genres_chk=1&include=both&origin_countries=&limit=none&countries=,https://rateyourmusic.com/release/album/radiohead/kid_a/,/release/album/radiohead/kid_a/,[Album46],Kid A,Radiohead,4.15
webpage/url:https://rateyourmusic.com/customchart?page=1&chart_type=top&type=album&year=alltime&genre_include=1&include_child_genres=1&genres=&include_child_genres_chk=1&include=both&origin_countries=&limit=none&countries=|,9,rym 300,rym 300,9,https://rateyourmusic.com/customchart?page=1&chart_type=top&type=album&year=alltime&genre_include=1&include_child_genres=1&genres=&include_child_genres_chk=1&include=both&origin_countries=&limit=none&countries=,https://rateyourmusic.com/release/album/led_zeppelin/led_zeppelin__iv_/,/release/album/led_zeppelin/led_zeppelin__iv_/,[Album43],Led Zeppelin [IV],Led Zeppelin,4.22
webpage/url:https://rateyourmusic.com/customchart?page=1&chart_type=top&type=album&year=alltime&genre_include=1&include_child_genres=1&genres=&include_child_genres_chk=1&include=both&origin_countries=&limit=none&countries=|,10,rym 300,rym 300,10,https://rateyourmusic.com/customchart?page=1&chart_type=top&type=album&year=alltime&genre_include=1&include_child_genres=1&genres=&include_child_genres_chk=1&include=both&origin_countries=&limit=none&countries=,https://rateyourmusic.com/release/album/miles_davis/kind_of_blue/,/release/album/miles_davis/kind_of_blue/,[Album2571],Kind of Blue,Miles Davis,4.32
webpage/url:https://rateyourmusic.com/customchart?page=1&chart_type=top&type=album&year=alltime&genre_include=1&include_child_genres=1&genres=&include_child_genres_chk=1&include=both&origin_countries=&limit=none&countries=|,11,rym 300,rym 300,11,https://rateyourmusic.com/customchart?page=1&chart_type=top&type=album&year=alltime&genre_include=1&include_child_genres=1&genres=&include_child_genres_chk=1&include=both&origin_countries=&limit=none&countries=,https://rateyourmusic.com/release/album/my_bloody_valentine/loveless/,/release/album/my_bloody_valentine/loveless/,[Album355],Loveless,My Bloody Valentine,4.21
webpage/url:https://rateyourmusic.com/customchart?page=1&chart_type=top&type=album&year=alltime&genre_include=1&include_child_genres=1&genres=&include_child_genres_chk=1&include=both&origin_countries=&limit=none&countries=|,12,rym 300,rym 300,12,https://rateyourmusic.com/customchart?page=1&chart_type=top&type=album&year=alltime&genre_include=1&include_child_genres=1&genres=&include_child_genres_chk=1&include=both&origin_countries=&limit=none&countries=,https://rateyourmusic.com/release/album/bob_dylan/highway_61_revisited/,/release/album/bob_dylan/highway_61_revisited/,[Album51],Highway 61 Revisited,Bob Dylan,4.30
webpage/url:https://rateyourmusic.com/customchart?page=1&chart_type=top&type=album&year=alltime&genre_include=1&include_child_genres=1&genres=&include_child_genres_chk=1&include=both&origin_countries=&limit=none&countries=|,13,rym 300,rym 300,13,https://rateyourmusic.com/customchart?page=1&chart_type=top&type=album&year=alltime&genre_include=1&include_child_genres=1&genres=&include_child_genres_chk=1&include=both&origin_countries=&limit=none&countries=,https://rateyourmusic.com/release/album/david_bowie/the_rise_and_fall_of_ziggy_stardust_and_the_spiders_from_mars/,/release/album/david_bowie/the_rise_and_fall_of_ziggy_stardust_and_the_spiders_from_mars/,[Album623],The Rise and Fall of Ziggy Stardust and the Spiders From Mars,David Bowie,4.30
webpage/url:https://rateyourmusic.com/customchart?page=1&chart_type=top&type=album&year=alltime&genre_include=1&include_child_genres=1&genres=&include_child_genres_chk=1&include=both&origin_countries=&limit=none&countries=|,14,rym 300,rym 300,14,https://rateyourmusic.com/customchart?page=1&chart_type=top&type=album&year=alltime&genre_include=1&include_child_genres=1&genres=&include_child_genres_chk=1&include=both&origin_countries=&limit=none&countries=,https://rateyourmusic.com/release/album/black_sabbath/paranoid/,/release/album/black_sabbath/paranoid/,[Album2276],Paranoid,Black Sabbath,4.24
webpage/url:https://rateyourmusic.com/customchart?page=1&chart_type=top&type=album&year=alltime&genre_include=1&include_child_genres=1&genres=&include_child_genres_chk=1&include=both&origin_countries=&limit=none&countries=|,15,rym 300,rym 300,15,https://rateyourmusic.com/customchart?page=1&chart_type=top&type=album&year=alltime&genre_include=1&include_child_genres=1&genres=&include_child_genres_chk=1&include=both&origin_countries=&limit=none&countries=,https://rateyourmusic.com/release/album/pixies/doolittle/,/release/album/pixies/doolittle/,[Album1089],Doolittle,Pixies,4.22
webpage/url:https://rateyourmusic.com/customchart?page=1&chart_type=top&type=album&year=alltime&genre_include=1&include_child_genres=1&genres=&include_child_genres_chk=1&include=both&origin_countries=&limit=none&countries=|,16,rym 300,rym 300,16,https://rateyourmusic.com/customchart?page=1&chart_type=top&type=album&year=alltime&genre_include=1&include_child_genres=1&genres=&include_child_genres_chk=1&include=both&origin_countries=&limit=none&countries=,https://rateyourmusic.com/release/album/john_coltrane/a_love_supreme/,/release/album/john_coltrane/a_love_supreme/,[Album10702],A Love Supreme,John Coltrane,4.35
webpage/url:https://rateyourmusic.com/customchart?page=1&chart_type=top&type=album&year=alltime&genre_include=1&include_child_genres=1&genres=&include_child_genres_chk=1&include=both&origin_countries=&limit=none&countries=|,17,rym 300,rym 300,17,https://rateyourmusic.com/customchart?page=1&chart_type=top&type=album&year=alltime&genre_include=1&include_child_genres=1&genres=&include_child_genres_chk=1&include=both&origin_countries=&limit=none&countries=,https://rateyourmusic.com/release/album/the_beach_boys/pet_sounds/,/release/album/the_beach_boys/pet_sounds/,[Album63],Pet Sounds,The Beach Boys,4.21
webpage/url:https://rateyourmusic.com/customchart?page=1&chart_type=top&type=album&year=alltime&genre_include=1&include_child_genres=1&genres=&include_child_genres_chk=1&include=both&origin_countries=&limit=none&countries=|,18,rym 300,rym 300,18,https://rateyourmusic.com/customchart?page=1&chart_type=top&type=album&year=alltime&genre_include=1&include_child_genres=1&genres=&include_child_genres_chk=1&include=both&origin_countries=&limit=none&countries=,https://rateyourmusic.com/release/album/the_beatles/sgt__peppers_lonely_hearts_club_band/,/release/album/the_beatles/sgt__peppers_lonely_hearts_club_band/,[Album16],Sgt. Pepper's Lonely Hearts Club Band,The Beatles,4.23
webpage/url:https://rateyourmusic.com/customchart?page=1&chart_type=top&type=album&year=alltime&genre_include=1&include_child_genres=1&genres=&include_child_genres_chk=1&include=both&origin_countries=&limit=none&countries=|,19,rym 300,rym 300,19,https://rateyourmusic.com/customchart?page=1&chart_type=top&type=album&year=alltime&genre_include=1&include_child_genres=1&genres=&include_child_genres_chk=1&include=both&origin_countries=&limit=none&countries=,https://rateyourmusic.com/release/album/the_doors/the_doors/,/release/album/the_doors/the_doors/,[Album1189],The Doors,The Doors,4.21
webpage/url:https://rateyourmusic.com/customchart?page=1&chart_type=top&type=album&year=alltime&genre_include=1&include_child_genres=1&genres=&include_child_genres_chk=1&include=both&origin_countries=&limit=none&countries=|,20,rym 300,rym 300,20,https://rateyourmusic.com/customchart?page=1&chart_type=top&type=album&year=alltime&genre_include=1&include_child_genres=1&genres=&include_child_genres_chk=1&include=both&origin_countries=&limit=none&countries=,https://rateyourmusic.com/release/album/joy_division/unknown_pleasures/,/release/album/joy_division/unknown_pleasures/,[Album544],Unknown Pleasures,Joy Division,4.19
webpage/url:https://rateyourmusic.com/customchart?page=1&chart_type=top&type=album&year=alltime&genre_include=1&include_child_genres=1&genres=&include_child_genres_chk=1&include=both&origin_countries=&limit=none&countries=|,21,rym 300,rym 300,21,https://rateyourmusic.com/customchart?page=1&chart_type=top&type=album&year=alltime&genre_include=1&include_child_genres=1&genres=&include_child_genres_chk=1&include=both&origin_countries=&limit=none&countries=,https://rateyourmusic.com/release/album/the_clash/london_calling/,/release/album/the_clash/london_calling/,[Album236],London Calling,The Clash,4.15
webpage/url:https://rateyourmusic.com/customchart?page=1&chart_type=top&type=album&year=alltime&genre_include=1&include_child_genres=1&genres=&include_child_genres_chk=1&include=both&origin_countries=&limit=none&countries=|,22,rym 300,rym 300,22,https://rateyourmusic.com/customchart?page=1&chart_type=top&type=album&year=alltime&genre_include=1&include_child_genres=1&genres=&include_child_genres_chk=1&include=both&origin_countries=&limit=none&countries=,https://rateyourmusic.com/release/album/the_beatles/the_beatles__the_white_album_/,/release/album/the_beatles/the_beatles__the_white_album_/,[Album8],The Beatles [The White Album],The Beatles,4.24
webpage/url:https://rateyourmusic.com/customchart?page=1&chart_type=top&type=album&year=alltime&genre_include=1&include_child_genres=1&genres=&include_child_genres_chk=1&include=both&origin_countries=&limit=none&countries=|,23,rym 300,rym 300,23,https://rateyourmusic.com/customchart?page=1&chart_type=top&type=album&year=alltime&genre_include=1&include_child_genres=1&genres=&include_child_genres_chk=1&include=both&origin_countries=&limit=none&countries=,https://rateyourmusic.com/release/album/the_smiths/the_queen_is_dead/,/release/album/the_smiths/the_queen_is_dead/,[Album164],The Queen Is Dead,The Smiths,4.19
webpage/url:https://rateyourmusic.com/customchart?page=1&chart_type=top&type=album&year=alltime&genre_include=1&include_child_genres=1&genres=&include_child_genres_chk=1&include=both&origin_countries=&limit=none&countries=|,24,rym 300,rym 300,24,https://rateyourmusic.com/customchart?page=1&chart_type=top&type=album&year=alltime&genre_include=1&include_child_genres=1&genres=&include_child_genres_chk=1&include=both&origin_countries=&limit=none&countries=,https://rateyourmusic.com/release/album/nick_drake/pink_moon/,/release/album/nick_drake/pink_moon/,[Album90],Pink Moon,Nick Drake,4.22
webpage/url:https://rateyourmusic.com/customchart?page=1&chart_type=top&type=album&year=alltime&genre_include=1&include_child_genres=1&genres=&include_child_genres_chk=1&include=both&origin_countries=&limit=none&countries=|,25,rym 300,rym 300,25,https://rateyourmusic.com/customchart?page=1&chart_type=top&type=album&year=alltime&genre_include=1&include_child_genres=1&genres=&include_child_genres_chk=1&include=both&origin_countries=&limit=none&countries=,https://rateyourmusic.com/release/album/bob_dylan/blonde_on_blonde/,/release/album/bob_dylan/blonde_on_blonde/,[Album94],Blonde on Blonde,Bob Dylan,4.25
webpage/url:https://rateyourmusic.com/customchart?page=1&chart_type=top&type=album&year=alltime&genre_include=1&include_child_genres=1&genres=&include_child_genres_chk=1&include=both&origin_countries=&limit=none&countries=|,26,rym 300,rym 300,26,https://rateyourmusic.com/customchart?page=1&chart_type=top&type=album&year=alltime&genre_include=1&include_child_genres=1&genres=&include_child_genres_chk=1&include=both&origin_countries=&limit=none&countries=,https://rateyourmusic.com/release/album/the_jimi_hendrix_experience/are_you_experienced/,/release/album/the_jimi_hendrix_experience/are_you_experienced/,[Album11],Are You Experienced,The Jimi Hendrix Experience,4.24
webpage/url:https://rateyourmusic.com/customchart?page=1&chart_type=top&type=album&year=alltime&genre_include=1&include_child_genres=1&genres=&include_child_genres_chk=1&include=both&origin_countries=&limit=none&countries=|,27,rym 300,rym 300,27,https://rateyourmusic.com/customchart?page=1&chart_type=top&type=album&year=alltime&genre_include=1&include_child_genres=1&genres=&include_child_genres_chk=1&include=both&origin_countries=&limit=none&countries=,https://rateyourmusic.com/release/album/charles_mingus/the_black_saint_and_the_sinner_lady/,/release/album/charles_mingus/the_black_saint_and_the_sinner_lady/,[Album17906],The Black Saint and the Sinner Lady,Charles Mingus,4.39
webpage/url:https://rateyourmusic.com/customchart?page=1&chart_type=top&type=album&year=alltime&genre_include=1&include_child_genres=1&genres=&include_child_genres_chk=1&include=both&origin_countries=&limit=none&countries=|,28,rym 300,rym 300,28,https://rateyourmusic.com/customchart?page=1&chart_type=top&type=album&year=alltime&genre_include=1&include_child_genres=1&genres=&include_child_genres_chk=1&include=both&origin_countries=&limit=none&countries=,https://rateyourmusic.com/release/album/television/marquee_moon/,/release/album/television/marquee_moon/,[Album1167],Marquee Moon,Television,4.21
webpage/url:https://rateyourmusic.com/customchart?page=1&chart_type=top&type=album&year=alltime&genre_include=1&include_child_genres=1&genres=&include_child_genres_chk=1&include=both&origin_countries=&limit=none&countries=|,29,rym 300,rym 300,29,https://rateyourmusic.com/customchart?page=1&chart_type=top&type=album&year=alltime&genre_include=1&include_child_genres=1&genres=&include_child_genres_chk=1&include=both&origin_countries=&limit=none&countries=,https://rateyourmusic.com/release/album/arcade_fire/funeral/,/release/album/arcade_fire/funeral/,[Album185644],Funeral,Arcade Fire,4.07
webpage/url:https://rateyourmusic.com/customchart?page=1&chart_type=top&type=album&year=alltime&genre_include=1&include_child_genres=1&genres=&include_child_genres_chk=1&include=both&origin_countries=&limit=none&countries=|,30,rym 300,rym 300,30,https://rateyourmusic.com/customchart?page=1&chart_type=top&type=album&year=alltime&genre_include=1&include_child_genres=1&genres=&include_child_genres_chk=1&include=both&origin_countries=&limit=none&countries=,https://rateyourmusic.com/release/album/talking_heads/remain_in_light/,/release/album/talking_heads/remain_in_light/,[Album1036],Remain in Light,Talking Heads,4.21
webpage/url:https://rateyourmusic.com/customchart?page=1&chart_type=top&type=album&year=alltime&genre_include=1&include_child_genres=1&genres=&include_child_genres_chk=1&include=both&origin_countries=&limit=none&countries=|,31,rym 300,rym 300,31,https://rateyourmusic.com/customchart?page=1&chart_type=top&type=album&year=alltime&genre_include=1&include_child_genres=1&genres=&include_child_genres_chk=1&include=both&origin_countries=&limit=none&countries=,https://rateyourmusic.com/release/album/pink_floyd/animals/,/release/album/pink_floyd/animals/,[Album978],Animals,Pink Floyd,4.11
webpage/url:https://rateyourmusic.com/customchart?page=1&chart_type=top&type=album&year=alltime&genre_include=1&include_child_genres=1&genres=&include_child_genres_chk=1&include=both&origin_countries=&limit=none&countries=|,32,rym 300,rym 300,32,https://rateyourmusic.com/customchart?page=1&chart_type=top&type=album&year=alltime&genre_include=1&include_child_genres=1&genres=&include_child_genres_chk=1&include=both&origin_countries=&limit=none&countries=,https://rateyourmusic.com/release/album/bob_dylan/blood_on_the_tracks/,/release/album/bob_dylan/blood_on_the_tracks/,[Album50],Blood on the Tracks,Bob Dylan,4.25
webpage/url:https://rateyourmusic.com/customchart?page=1&chart_type=top&type=album&year=alltime&genre_include=1&include_child_genres=1&genres=&include_child_genres_chk=1&include=both&origin_countries=&limit=none&countries=|,33,rym 300,rym 300,33,https://rateyourmusic.com/customchart?page=1&chart_type=top&type=album&year=alltime&genre_include=1&include_child_genres=1&genres=&include_child_genres_chk=1&include=both&origin_countries=&limit=none&countries=,https://rateyourmusic.com/release/album/joy_division/closer/,/release/album/joy_division/closer/,[Album545],Closer,Joy Division,4.16
webpage/url:https://rateyourmusic.com/customchart?page=1&chart_type=top&type=album&year=alltime&genre_include=1&include_child_genres=1&genres=&include_child_genres_chk=1&include=both&origin_countries=&limit=none&countries=|,34,rym 300,rym 300,34,https://rateyourmusic.com/customchart?page=1&chart_type=top&type=album&year=alltime&genre_include=1&include_child_genres=1&genres=&include_child_genres_chk=1&include=both&origin_countries=&limit=none&countries=,https://rateyourmusic.com/release/album/neutral_milk_hotel/in_the_aeroplane_over_the_sea/,/release/album/neutral_milk_hotel/in_the_aeroplane_over_the_sea/,[Album1245],In the Aeroplane Over the Sea,Neutral Milk Hotel,4.08
webpage/url:https://rateyourmusic.com/customchart?page=1&chart_type=top&type=album&year=alltime&genre_include=1&include_child_genres=1&genres=&include_child_genres_chk=1&include=both&origin_countries=&limit=none&countries=|,35,rym 300,rym 300,35,https://rateyourmusic.com/customchart?page=1&chart_type=top&type=album&year=alltime&genre_include=1&include_child_genres=1&genres=&include_child_genres_chk=1&include=both&origin_countries=&limit=none&countries=,https://rateyourmusic.com/release/album/the_beatles/rubber_soul_f1/,/release/album/the_beatles/rubber_soul_f1/,[Album205],Rubber Soul,The Beatles,4.19
webpage/url:https://rateyourmusic.com/customchart?page=1&chart_type=top&type=album&year=alltime&genre_include=1&include_child_genres=1&genres=&include_child_genres_chk=1&include=both&origin_countries=&limit=none&countries=|,36,rym 300,rym 300,36,https://rateyourmusic.com/customchart?page=1&chart_type=top&type=album&year=alltime&genre_include=1&include_child_genres=1&genres=&include_child_genres_chk=1&include=both&origin_countries=&limit=none&countries=,https://rateyourmusic.com/release/album/godspeed_you_black_emperor_/lift_yr__skinny_fists_like_antennas_to_heaven__f1/,/release/album/godspeed_you_black_emperor_/lift_yr__skinny_fists_like_antennas_to_heaven__f1/,[Album2602],Lift Yr. Skinny Fists Like Antennas to Heaven!,Godspeed You Black Emperor!,4.13
webpage/url:https://rateyourmusic.com/customchart?page=1&chart_type=top&type=album&year=alltime&genre_include=1&include_child_genres=1&genres=&include_child_genres_chk=1&include=both&origin_countries=&limit=none&countries=|,37,rym 300,rym 300,37,https://rateyourmusic.com/customchart?page=1&chart_type=top&type=album&year=alltime&genre_include=1&include_child_genres=1&genres=&include_child_genres_chk=1&include=both&origin_countries=&limit=none&countries=,https://rateyourmusic.com/release/album/sonic_youth/daydream_nation/,/release/album/sonic_youth/daydream_nation/,[Album1117],Daydream Nation,Sonic Youth,4.14
webpage/url:https://rateyourmusic.com/customchart?page=1&chart_type=top&type=album&year=alltime&genre_include=1&include_child_genres=1&genres=&include_child_genres_chk=1&include=both&origin_countries=&limit=none&countries=|,38,rym 300,rym 300,38,https://rateyourmusic.com/customchart?page=1&chart_type=top&type=album&year=alltime&genre_include=1&include_child_genres=1&genres=&include_child_genres_chk=1&include=both&origin_countries=&limit=none&countries=,https://rateyourmusic.com/release/album/bob_dylan/bringing_it_all_back_home/,/release/album/bob_dylan/bringing_it_all_back_home/,[Album93],Bringing It All Back Home,Bob Dylan,4.25
webpage/url:https://rateyourmusic.com/customchart?page=1&chart_type=top&type=album&year=alltime&genre_include=1&include_child_genres=1&genres=&include_child_genres_chk=1&include=both&origin_countries=&limit=none&countries=|,39,rym 300,rym 300,39,https://rateyourmusic.com/customchart?page=1&chart_type=top&type=album&year=alltime&genre_include=1&include_child_genres=1&genres=&include_child_genres_chk=1&include=both&origin_countries=&limit=none&countries=,https://rateyourmusic.com/release/album/neil_young/after_the_gold_rush/,/release/album/neil_young/after_the_gold_rush/,[Album2339],After the Gold Rush,Neil Young,4.21
webpage/url:https://rateyourmusic.com/customchart?page=1&chart_type=top&type=album&year=alltime&genre_include=1&include_child_genres=1&genres=&include_child_genres_chk=1&include=both&origin_countries=&limit=none&countries=|,40,rym 300,rym 300,40,https://rateyourmusic.com/customchart?page=1&chart_type=top&type=album&year=alltime&genre_include=1&include_child_genres=1&genres=&include_child_genres_chk=1&include=both&origin_countries=&limit=none&countries=,https://rateyourmusic.com/release/album/led_zeppelin/led_zeppelin/,/release/album/led_zeppelin/led_zeppelin/,[Album2027],Led Zeppelin,Led Zeppelin,4.10
webpage/url:https://rateyourmusic.com/customchart?page=1&chart_type=top&type=album&year=alltime&genre_include=1&include_child_genres=1&genres=&include_child_genres_chk=1&include=both&origin_countries=&limit=none&countries=|,41,rym 300,rym 300,41,https://rateyourmusic.com/customchart?page=1&chart_type=top&type=album&year=alltime&genre_include=1&include_child_genres=1&genres=&include_child_genres_chk=1&include=both&origin_countries=&limit=none&countries=,https://rateyourmusic.com/release/album/nirvana/nevermind/,/release/album/nirvana/nevermind/,[Album126],Nevermind,Nirvana,3.96
webpage/url:https://rateyourmusic.com/customchart?page=1&chart_type=top&type=album&year=alltime&genre_include=1&include_child_genres=1&genres=&include_child_genres_chk=1&include=both&origin_countries=&limit=none&countries=|,42,rym 300,rym 300,42,https://rateyourmusic.com/customchart?page=1&chart_type=top&type=album&year=alltime&genre_include=1&include_child_genres=1&genres=&include_child_genres_chk=1&include=both&origin_countries=&limit=none&countries=,https://rateyourmusic.com/release/album/metallica/master_of_puppets/,/release/album/metallica/master_of_puppets/,[Album1593],Master of Puppets,Metallica,4.07
webpage/url:https://rateyourmusic.com/customchart?page=1&chart_type=top&type=album&year=alltime&genre_include=1&include_child_genres=1&genres=&include_child_genres_chk=1&include=both&origin_countries=&limit=none&countries=|,43,rym 300,rym 300,43,https://rateyourmusic.com/customchart?page=1&chart_type=top&type=album&year=alltime&genre_include=1&include_child_genres=1&genres=&include_child_genres_chk=1&include=both&origin_countries=&limit=none&countries=,https://rateyourmusic.com/release/album/led_zeppelin/led_zeppelin_ii/,/release/album/led_zeppelin/led_zeppelin_ii/,[Album42],Led Zeppelin II,Led Zeppelin,4.09
webpage/url:https://rateyourmusic.com/customchart?page=1&chart_type=top&type=album&year=alltime&genre_include=1&include_child_genres=1&genres=&include_child_genres_chk=1&include=both&origin_countries=&limit=none&countries=|,44,rym 300,rym 300,44,https://rateyourmusic.com/customchart?page=1&chart_type=top&type=album&year=alltime&genre_include=1&include_child_genres=1&genres=&include_child_genres_chk=1&include=both&origin_countries=&limit=none&countries=,https://rateyourmusic.com/release/album/king_crimson/red/,/release/album/king_crimson/red/,[Album6543],Red,King Crimson,4.20
webpage/url:https://rateyourmusic.com/customchart?page=1&chart_type=top&type=album&year=alltime&genre_include=1&include_child_genres=1&genres=&include_child_genres_chk=1&include=both&origin_countries=&limit=none&countries=|,45,rym 300,rym 300,45,https://rateyourmusic.com/customchart?page=1&chart_type=top&type=album&year=alltime&genre_include=1&include_child_genres=1&genres=&include_child_genres_chk=1&include=both&origin_countries=&limit=none&countries=,https://rateyourmusic.com/release/album/the_jimi_hendrix_experience/electric_ladyland/,/release/album/the_jimi_hendrix_experience/electric_ladyland/,[Album2161],Electric Ladyland,The Jimi Hendrix Experience,4.21
webpage/url:https://rateyourmusic.com/customchart?page=1&chart_type=top&type=album&year=alltime&genre_include=1&include_child_genres=1&genres=&include_child_genres_chk=1&include=both&origin_countries=&limit=none&countries=|,46,rym 300,rym 300,46,https://rateyourmusic.com/customchart?page=1&chart_type=top&type=album&year=alltime&genre_include=1&include_child_genres=1&genres=&include_child_genres_chk=1&include=both&origin_countries=&limit=none&countries=,https://rateyourmusic.com/release/album/radiohead/the_bends/,/release/album/radiohead/the_bends/,[Album44],The Bends,Radiohead,3.99
webpage/url:https://rateyourmusic.com/customchart?page=1&chart_type=top&type=album&year=alltime&genre_include=1&include_child_genres=1&genres=&include_child_genres_chk=1&include=both&origin_countries=&limit=none&countries=|,47,rym 300,rym 300,47,https://rateyourmusic.com/customchart?page=1&chart_type=top&type=album&year=alltime&genre_include=1&include_child_genres=1&genres=&include_child_genres_chk=1&include=both&origin_countries=&limit=none&countries=,https://rateyourmusic.com/release/album/wu_tang_clan/enter_the_wu_tang__36_chambers_/,/release/album/wu_tang_clan/enter_the_wu_tang__36_chambers_/,[Album11014],Enter the Wu-Tang (36 Chambers),Wu-Tang Clan,4.19
webpage/url:https://rateyourmusic.com/customchart?page=1&chart_type=top&type=album&year=alltime&genre_include=1&include_child_genres=1&genres=&include_child_genres_chk=1&include=both&origin_countries=&limit=none&countries=|,48,rym 300,rym 300,48,https://rateyourmusic.com/customchart?page=1&chart_type=top&type=album&year=alltime&genre_include=1&include_child_genres=1&genres=&include_child_genres_chk=1&include=both&origin_countries=&limit=none&countries=,https://rateyourmusic.com/release/album/sigur_ros/agaetis_byrjun/,/release/album/sigur_ros/agaetis_byrjun/,[Album2115],Ágætis byrjun,Sigur Rós,4.08
webpage/url:https://rateyourmusic.com/customchart?page=1&chart_type=top&type=album&year=alltime&genre_include=1&include_child_genres=1&genres=&include_child_genres_chk=1&include=both&origin_countries=&limit=none&countries=|,49,rym 300,rym 300,49,https://rateyourmusic.com/customchart?page=1&chart_type=top&type=album&year=alltime&genre_include=1&include_child_genres=1&genres=&include_child_genres_chk=1&include=both&origin_countries=&limit=none&countries=,https://rateyourmusic.com/release/album/tom_waits/rain_dogs/,/release/album/tom_waits/rain_dogs/,[Album294],Rain Dogs,Tom Waits,4.17
webpage/url:https://rateyourmusic.com/customchart?page=1&chart_type=top&type=album&year=alltime&genre_include=1&include_child_genres=1&genres=&include_child_genres_chk=1&include=both&origin_countries=&limit=none&countries=|,50,rym 300,rym 300,50,https://rateyourmusic.com/customchart?page=1&chart_type=top&type=album&year=alltime&genre_include=1&include_child_genres=1&genres=&include_child_genres_chk=1&include=both&origin_countries=&limit=none&countries=,https://rateyourmusic.com/release/album/the_velvet_underground/the_velvet_underground/,/release/album/the_velvet_underground/the_velvet_underground/,[Album175],The Velvet Underground,The Velvet Underground,4.17
webpage/url:https://rateyourmusic.com/customchart?page=1&chart_type=top&type=album&year=alltime&genre_include=1&include_child_genres=1&genres=&include_child_genres_chk=1&include=both&origin_countries=&limit=none&countries=|,51,rym 300,rym 300,51,https://rateyourmusic.com/customchart?page=1&chart_type=top&type=album&year=alltime&genre_include=1&include_child_genres=1&genres=&include_child_genres_chk=1&include=both&origin_countries=&limit=none&countries=,https://rateyourmusic.com/release/album/leonard_cohen/songs_of_leonard_cohen/,/release/album/leonard_cohen/songs_of_leonard_cohen/,[Album3120],Songs of Leonard Cohen,Leonard Cohen,4.22
webpage/url:https://rateyourmusic.com/customchart?page=1&chart_type=top&type=album&year=alltime&genre_include=1&include_child_genres=1&genres=&include_child_genres_chk=1&include=both&origin_countries=&limit=none&countries=|,52,rym 300,rym 300,52,https://rateyourmusic.com/customchart?page=1&chart_type=top&type=album&year=alltime&genre_include=1&include_child_genres=1&genres=&include_child_genres_chk=1&include=both&origin_countries=&limit=none&countries=,https://rateyourmusic.com/release/album/the_cure/disintegration/,/release/album/the_cure/disintegration/,[Album324],Disintegration,The Cure,4.13
webpage/url:https://rateyourmusic.com/customchart?page=1&chart_type=top&type=album&year=alltime&genre_include=1&include_child_genres=1&genres=&include_child_genres_chk=1&include=both&origin_countries=&limit=none&countries=|,53,rym 300,rym 300,53,https://rateyourmusic.com/customchart?page=1&chart_type=top&type=album&year=alltime&genre_include=1&include_child_genres=1&genres=&include_child_genres_chk=1&include=both&origin_countries=&limit=none&countries=,https://rateyourmusic.com/release/album/black_sabbath/master_of_reality/,/release/album/black_sabbath/master_of_reality/,[Album2277],Master of Reality,Black Sabbath,4.17
webpage/url:https://rateyourmusic.com/customchart?page=1&chart_type=top&type=album&year=alltime&genre_include=1&include_child_genres=1&genres=&include_child_genres_chk=1&include=both&origin_countries=&limit=none&countries=|,54,rym 300,rym 300,54,https://rateyourmusic.com/customchart?page=1&chart_type=top&type=album&year=alltime&genre_include=1&include_child_genres=1&genres=&include_child_genres_chk=1&include=both&origin_countries=&limit=none&countries=,https://rateyourmusic.com/release/album/david_bowie/low/,/release/album/david_bowie/low/,[Album629],Low,David Bowie,4.12
webpage/url:https://rateyourmusic.com/customchart?page=1&chart_type=top&type=album&year=alltime&genre_include=1&include_child_genres=1&genres=&include_child_genres_chk=1&include=both&origin_countries=&limit=none&countries=|,55,rym 300,rym 300,55,https://rateyourmusic.com/customchart?page=1&chart_type=top&type=album&year=alltime&genre_include=1&include_child_genres=1&genres=&include_child_genres_chk=1&include=both&origin_countries=&limit=none&countries=,https://rateyourmusic.com/release/album/black_sabbath/black_sabbath/,/release/album/black_sabbath/black_sabbath/,[Album2157],Black Sabbath,Black Sabbath,4.14
webpage/url:https://rateyourmusic.com/customchart?page=1&chart_type=top&type=album&year=alltime&genre_include=1&include_child_genres=1&genres=&include_child_genres_chk=1&include=both&origin_countries=&limit=none&countries=|,56,rym 300,rym 300,56,https://rateyourmusic.com/customchart?page=1&chart_type=top&type=album&year=alltime&genre_include=1&include_child_genres=1&genres=&include_child_genres_chk=1&include=both&origin_countries=&limit=none&countries=,https://rateyourmusic.com/release/album/the_who/whos_next/,/release/album/the_who/whos_next/,[Album185],Who's Next,The Who,4.12
webpage/url:https://rateyourmusic.com/customchart?page=1&chart_type=top&type=album&year=alltime&genre_include=1&include_child_genres=1&genres=&include_child_genres_chk=1&include=both&origin_countries=&limit=none&countries=|,57,rym 300,rym 300,57,https://rateyourmusic.com/customchart?page=1&chart_type=top&type=album&year=alltime&genre_include=1&include_child_genres=1&genres=&include_child_genres_chk=1&include=both&origin_countries=&limit=none&countries=,https://rateyourmusic.com/release/album/the_stooges/fun_house/,/release/album/the_stooges/fun_house/,[Album845],Fun House,The Stooges,4.17
webpage/url:https://rateyourmusic.com/customchart?page=1&chart_type=top&type=album&year=alltime&genre_include=1&include_child_genres=1&genres=&include_child_genres_chk=1&include=both&origin_countries=&limit=none&countries=|,58,rym 300,rym 300,58,https://rateyourmusic.com/customchart?page=1&chart_type=top&type=album&year=alltime&genre_include=1&include_child_genres=1&genres=&include_child_genres_chk=1&include=both&origin_countries=&limit=none&countries=,https://rateyourmusic.com/release/album/miles_davis/in_a_silent_way/,/release/album/miles_davis/in_a_silent_way/,[Album10394],In a Silent Way,Miles Davis,4.24
webpage/url:https://rateyourmusic.com/customchart?page=1&chart_type=top&type=album&year=alltime&genre_include=1&include_child_genres=1&genres=&include_child_genres_chk=1&include=both&origin_countries=&limit=none&countries=|,59,rym 300,rym 300,59,https://rateyourmusic.com/customchart?page=1&chart_type=top&type=album&year=alltime&genre_include=1&include_child_genres=1&genres=&include_child_genres_chk=1&include=both&origin_countries=&limit=none&countries=,https://rateyourmusic.com/release/album/the_rolling_stones/sticky_fingers/,/release/album/the_rolling_stones/sticky_fingers/,[Album145],Sticky Fingers,The Rolling Stones,4.17
webpage/url:https://rateyourmusic.com/customchart?page=1&chart_type=top&type=album&year=alltime&genre_include=1&include_child_genres=1&genres=&include_child_genres_chk=1&include=both&origin_countries=&limit=none&countries=|,60,rym 300,rym 300,60,https://rateyourmusic.com/customchart?page=1&chart_type=top&type=album&year=alltime&genre_include=1&include_child_genres=1&genres=&include_child_genres_chk=1&include=both&origin_countries=&limit=none&countries=,https://rateyourmusic.com/release/album/love/forever_changes/,/release/album/love/forever_changes/,[Album1277],Forever Changes,Love,4.14
webpage/url:https://rateyourmusic.com/customchart?page=1&chart_type=top&type=album&year=alltime&genre_include=1&include_child_genres=1&genres=&include_child_genres_chk=1&include=both&origin_countries=&limit=none&countries=|,61,rym 300,rym 300,61,https://rateyourmusic.com/customchart?page=1&chart_type=top&type=album&year=alltime&genre_include=1&include_child_genres=1&genres=&include_child_genres_chk=1&include=both&origin_countries=&limit=none&countries=,https://rateyourmusic.com/release/album/nas/illmatic/,/release/album/nas/illmatic/,[Album11082],Illmatic,Nas,4.16
webpage/url:https://rateyourmusic.com/customchart?page=1&chart_type=top&type=album&year=alltime&genre_include=1&include_child_genres=1&genres=&include_child_genres_chk=1&include=both&origin_countries=&limit=none&countries=|,62,rym 300,rym 300,62,https://rateyourmusic.com/customchart?page=1&chart_type=top&type=album&year=alltime&genre_include=1&include_child_genres=1&genres=&include_child_genres_chk=1&include=both&origin_countries=&limit=none&countries=,https://rateyourmusic.com/release/album/portishead/dummy/,/release/album/portishead/dummy/,[Album2660],Dummy,Portishead,4.13
webpage/url:https://rateyourmusic.com/customchart?page=1&chart_type=top&type=album&year=alltime&genre_include=1&include_child_genres=1&genres=&include_child_genres_chk=1&include=both&origin_countries=&limit=none&countries=|,63,rym 300,rym 300,63,https://rateyourmusic.com/customchart?page=1&chart_type=top&type=album&year=alltime&genre_include=1&include_child_genres=1&genres=&include_child_genres_chk=1&include=both&origin_countries=&limit=none&countries=,https://rateyourmusic.com/release/album/metallica/ride_the_lightning/,/release/album/metallica/ride_the_lightning/,[Album1225777],Ride the Lightning,Metallica,4.07
webpage/url:https://rateyourmusic.com/customchart?page=1&chart_type=top&type=album&year=alltime&genre_include=1&include_child_genres=1&genres=&include_child_genres_chk=1&include=both&origin_countries=&limit=none&countries=|,64,rym 300,rym 300,64,https://rateyourmusic.com/customchart?page=1&chart_type=top&type=album&year=alltime&genre_include=1&include_child_genres=1&genres=&include_child_genres_chk=1&include=both&origin_countries=&limit=none&countries=,https://rateyourmusic.com/release/album/dj_shadow/endtroducing______f1/,/release/album/dj_shadow/endtroducing______f1/,[Album2612],Endtroducing.....,DJ Shadow,4.11
webpage/url:https://rateyourmusic.com/customchart?page=1&chart_type=top&type=album&year=alltime&genre_include=1&include_child_genres=1&genres=&include_child_genres_chk=1&include=both&origin_countries=&limit=none&countries=|,65,rym 300,rym 300,65,https://rateyourmusic.com/customchart?page=1&chart_type=top&type=album&year=alltime&genre_include=1&include_child_genres=1&genres=&include_child_genres_chk=1&include=both&origin_countries=&limit=none&countries=,https://rateyourmusic.com/release/album/the_zombies/odessey_and_oracle/,/release/album/the_zombies/odessey_and_oracle/,[Album9363],Odessey and Oracle,The Zombies,4.17
webpage/url:https://rateyourmusic.com/customchart?page=1&chart_type=top&type=album&year=alltime&genre_include=1&include_child_genres=1&genres=&include_child_genres_chk=1&include=both&origin_countries=&limit=none&countries=|,66,rym 300,rym 300,66,https://rateyourmusic.com/customchart?page=1&chart_type=top&type=album&year=alltime&genre_include=1&include_child_genres=1&genres=&include_child_genres_chk=1&include=both&origin_countries=&limit=none&countries=,https://rateyourmusic.com/release/album/david_bowie/hunky_dory/,/release/album/david_bowie/hunky_dory/,[Album622],Hunky Dory,David Bowie,4.15
webpage/url:https://rateyourmusic.com/customchart?page=1&chart_type=top&type=album&year=alltime&genre_include=1&include_child_genres=1&genres=&include_child_genres_chk=1&include=both&origin_countries=&limit=none&countries=|,67,rym 300,rym 300,67,https://rateyourmusic.com/customchart?page=1&chart_type=top&type=album&year=alltime&genre_include=1&include_child_genres=1&genres=&include_child_genres_chk=1&include=both&origin_countries=&limit=none&countries=,https://rateyourmusic.com/release/album/radiohead/in_rainbows/,/release/album/radiohead/in_rainbows/,[Album1052924],In Rainbows,Radiohead,3.96
webpage/url:https://rateyourmusic.com/customchart?page=1&chart_type=top&type=album&year=alltime&genre_include=1&include_child_genres=1&genres=&include_child_genres_chk=1&include=both&origin_countries=&limit=none&countries=|,68,rym 300,rym 300,68,https://rateyourmusic.com/customchart?page=1&chart_type=top&type=album&year=alltime&genre_include=1&include_child_genres=1&genres=&include_child_genres_chk=1&include=both&origin_countries=&limit=none&countries=,https://rateyourmusic.com/release/album/the_rolling_stones/let_it_bleed/,/release/album/the_rolling_stones/let_it_bleed/,[Album993],Let It Bleed,The Rolling Stones,4.14
webpage/url:https://rateyourmusic.com/customchart?page=1&chart_type=top&type=album&year=alltime&genre_include=1&include_child_genres=1&genres=&include_child_genres_chk=1&include=both&origin_countries=&limit=none&countries=|,69,rym 300,rym 300,69,https://rateyourmusic.com/customchart?page=1&chart_type=top&type=album&year=alltime&genre_include=1&include_child_genres=1&genres=&include_child_genres_chk=1&include=both&origin_countries=&limit=none&countries=,https://rateyourmusic.com/release/album/godspeed_you_black_emperor_/f♯a♯∞__1995_1997_/,/release/album/godspeed_you_black_emperor_/f♯a♯∞__1995_1997_/,[Album450392],F♯A♯∞ (1995-1997),Godspeed You Black Emperor!,4.11
webpage/url:https://rateyourmusic.com/customchart?page=1&chart_type=top&type=album&year=alltime&genre_include=1&include_child_genres=1&genres=&include_child_genres_chk=1&include=both&origin_countries=&limit=none&countries=|,70,rym 300,rym 300,70,https://rateyourmusic.com/customchart?page=1&chart_type=top&type=album&year=alltime&genre_include=1&include_child_genres=1&genres=&include_child_genres_chk=1&include=both&origin_countries=&limit=none&countries=,https://rateyourmusic.com/release/album/miles_davis/bitches_brew/,/release/album/miles_davis/bitches_brew/,[Album4588],Bitches Brew,Miles Davis,4.15
webpage/url:https://rateyourmusic.com/customchart?page=1&chart_type=top&type=album&year=alltime&genre_include=1&include_child_genres=1&genres=&include_child_genres_chk=1&include=both&origin_countries=&limit=none&countries=|,71,rym 300,rym 300,71,https://rateyourmusic.com/customchart?page=1&chart_type=top&type=album&year=alltime&genre_include=1&include_child_genres=1&genres=&include_child_genres_chk=1&include=both&origin_countries=&limit=none&countries=,https://rateyourmusic.com/release/album/the_beatles/magical_mystery_tour/,/release/album/the_beatles/magical_mystery_tour/,[Album15],Magical Mystery Tour,The Beatles,4.13
webpage/url:https://rateyourmusic.com/customchart?page=1&chart_type=top&type=album&year=alltime&genre_include=1&include_child_genres=1&genres=&include_child_genres_chk=1&include=both&origin_countries=&limit=none&countries=|,72,rym 300,rym 300,72,https://rateyourmusic.com/customchart?page=1&chart_type=top&type=album&year=alltime&genre_include=1&include_child_genres=1&genres=&include_child_genres_chk=1&include=both&origin_countries=&limit=none&countries=,https://rateyourmusic.com/release/album/can/tago_mago/,/release/album/can/tago_mago/,[Album6156],Tago Mago,Can,4.12
webpage/url:https://rateyourmusic.com/customchart?page=1&chart_type=top&type=album&year=alltime&genre_include=1&include_child_genres=1&genres=&include_child_genres_chk=1&include=both&origin_countries=&limit=none&countries=|,73,rym 300,rym 300,73,https://rateyourmusic.com/customchart?page=1&chart_type=top&type=album&year=alltime&genre_include=1&include_child_genres=1&genres=&include_child_genres_chk=1&include=both&origin_countries=&limit=none&countries=,https://rateyourmusic.com/release/album/yes/close_to_the_edge/,/release/album/yes/close_to_the_edge/,[Album5721],Close to the Edge,Yes,4.12
webpage/url:https://rateyourmusic.com/customchart?page=1&chart_type=top&type=album&year=alltime&genre_include=1&include_child_genres=1&genres=&include_child_genres_chk=1&include=both&origin_countries=&limit=none&countries=|,74,rym 300,rym 300,74,https://rateyourmusic.com/customchart?page=1&chart_type=top&type=album&year=alltime&genre_include=1&include_child_genres=1&genres=&include_child_genres_chk=1&include=both&origin_countries=&limit=none&countries=,https://rateyourmusic.com/release/album/slint/spiderland/,/release/album/slint/spiderland/,[Album2671],Spiderland,Slint,4.07
webpage/url:https://rateyourmusic.com/customchart?page=1&chart_type=top&type=album&year=alltime&genre_include=1&include_child_genres=1&genres=&include_child_genres_chk=1&include=both&origin_countries=&limit=none&countries=|,75,rym 300,rym 300,75,https://rateyourmusic.com/customchart?page=1&chart_type=top&type=album&year=alltime&genre_include=1&include_child_genres=1&genres=&include_child_genres_chk=1&include=both&origin_countries=&limit=none&countries=,https://rateyourmusic.com/release/album/the_velvet_underground/white_light___white_heat_f3/,/release/album/the_velvet_underground/white_light___white_heat_f3/,[Album174],White Light / White Heat,The Velvet Underground,4.08
webpage/url:https://rateyourmusic.com/customchart?page=1&chart_type=top&type=album&year=alltime&genre_include=1&include_child_genres=1&genres=&include_child_genres_chk=1&include=both&origin_countries=&limit=none&countries=|,76,rym 300,rym 300,76,https://rateyourmusic.com/customchart?page=1&chart_type=top&type=album&year=alltime&genre_include=1&include_child_genres=1&genres=&include_child_genres_chk=1&include=both&origin_countries=&limit=none&countries=,https://rateyourmusic.com/release/album/nick_drake/five_leaves_left/,/release/album/nick_drake/five_leaves_left/,[Album52],Five Leaves Left,Nick Drake,4.13
webpage/url:https://rateyourmusic.com/customchart?page=1&chart_type=top&type=album&year=alltime&genre_include=1&include_child_genres=1&genres=&include_child_genres_chk=1&include=both&origin_countries=&limit=none&countries=|,77,rym 300,rym 300,77,https://rateyourmusic.com/customchart?page=1&chart_type=top&type=album&year=alltime&genre_include=1&include_child_genres=1&genres=&include_child_genres_chk=1&include=both&origin_countries=&limit=none&countries=,https://rateyourmusic.com/release/album/neil_young/on_the_beach/,/release/album/neil_young/on_the_beach/,[Album2402],On the Beach,Neil Young,4.17
webpage/url:https://rateyourmusic.com/customchart?page=1&chart_type=top&type=album&year=alltime&genre_include=1&include_child_genres=1&genres=&include_child_genres_chk=1&include=both&origin_countries=&limit=none&countries=|,78,rym 300,rym 300,78,https://rateyourmusic.com/customchart?page=1&chart_type=top&type=album&year=alltime&genre_include=1&include_child_genres=1&genres=&include_child_genres_chk=1&include=both&origin_countries=&limit=none&countries=,https://rateyourmusic.com/release/album/pixies/surfer_rosa/,/release/album/pixies/surfer_rosa/,[Album1088],Surfer Rosa,Pixies,4.07
webpage/url:https://rateyourmusic.com/customchart?page=1&chart_type=top&type=album&year=alltime&genre_include=1&include_child_genres=1&genres=&include_child_genres_chk=1&include=both&origin_countries=&limit=none&countries=|,79,rym 300,rym 300,79,https://rateyourmusic.com/customchart?page=1&chart_type=top&type=album&year=alltime&genre_include=1&include_child_genres=1&genres=&include_child_genres_chk=1&include=both&origin_countries=&limit=none&countries=,https://rateyourmusic.com/release/album/the_rolling_stones/exile_on_main_st_/,/release/album/the_rolling_stones/exile_on_main_st_/,[Album996],Exile on Main St.,The Rolling Stones,4.10
webpage/url:https://rateyourmusic.com/customchart?page=1&chart_type=top&type=album&year=alltime&genre_include=1&include_child_genres=1&genres=&include_child_genres_chk=1&include=both&origin_countries=&limit=none&countries=|,80,rym 300,rym 300,80,https://rateyourmusic.com/customchart?page=1&chart_type=top&type=album&year=alltime&genre_include=1&include_child_genres=1&genres=&include_child_genres_chk=1&include=both&origin_countries=&limit=none&countries=,https://rateyourmusic.com/release/album/neil_young_with_crazy_horse/everybody_knows_this_is_nowhere/,/release/album/neil_young_with_crazy_horse/everybody_knows_this_is_nowhere/,[Album2337],Everybody Knows This Is Nowhere,Neil Young; Crazy Horse,4.17
webpage/url:https://rateyourmusic.com/customchart?page=1&chart_type=top&type=album&year=alltime&genre_include=1&include_child_genres=1&genres=&include_child_genres_chk=1&include=both&origin_countries=&limit=none&countries=|,81,rym 300,rym 300,81,https://rateyourmusic.com/customchart?page=1&chart_type=top&type=album&year=alltime&genre_include=1&include_child_genres=1&genres=&include_child_genres_chk=1&include=both&origin_countries=&limit=none&countries=,https://rateyourmusic.com/release/album/genius_gza/liquid_swords/,/release/album/genius_gza/liquid_swords/,[Album22312],Liquid Swords,Genius/GZA,4.17
webpage/url:https://rateyourmusic.com/customchart?page=1&chart_type=top&type=album&year=alltime&genre_include=1&include_child_genres=1&genres=&include_child_genres_chk=1&include=both&origin_countries=&limit=none&countries=|,82,rym 300,rym 300,82,https://rateyourmusic.com/customchart?page=1&chart_type=top&type=album&year=alltime&genre_include=1&include_child_genres=1&genres=&include_child_genres_chk=1&include=both&origin_countries=&limit=none&countries=,https://rateyourmusic.com/release/album/the_kinks/the_kinks_are_the_village_green_preservation_society/,/release/album/the_kinks/the_kinks_are_the_village_green_preservation_society/,[Album4648],The Kinks Are the Village Green Preservation Society,The Kinks,4.19
webpage/url:https://rateyourmusic.com/customchart?page=1&chart_type=top&type=album&year=alltime&genre_include=1&include_child_genres=1&genres=&include_child_genres_chk=1&include=both&origin_countries=&limit=none&countries=|,83,rym 300,rym 300,83,https://rateyourmusic.com/customchart?page=1&chart_type=top&type=album&year=alltime&genre_include=1&include_child_genres=1&genres=&include_child_genres_chk=1&include=both&origin_countries=&limit=none&countries=,https://rateyourmusic.com/release/album/frank_zappa/hot_rats/,/release/album/frank_zappa/hot_rats/,[Album4390],Hot Rats,Frank Zappa,4.10
webpage/url:https://rateyourmusic.com/customchart?page=1&chart_type=top&type=album&year=alltime&genre_include=1&include_child_genres=1&genres=&include_child_genres_chk=1&include=both&origin_countries=&limit=none&countries=|,84,rym 300,rym 300,84,https://rateyourmusic.com/customchart?page=1&chart_type=top&type=album&year=alltime&genre_include=1&include_child_genres=1&genres=&include_child_genres_chk=1&include=both&origin_countries=&limit=none&countries=,https://rateyourmusic.com/release/album/pink_floyd/the_piper_at_the_gates_of_dawn/,/release/album/pink_floyd/the_piper_at_the_gates_of_dawn/,[Album1030],The Piper at the Gates of Dawn,Pink Floyd,3.98
webpage/url:https://rateyourmusic.com/customchart?page=1&chart_type=top&type=album&year=alltime&genre_include=1&include_child_genres=1&genres=&include_child_genres_chk=1&include=both&origin_countries=&limit=none&countries=|,85,rym 300,rym 300,85,https://rateyourmusic.com/customchart?page=1&chart_type=top&type=album&year=alltime&genre_include=1&include_child_genres=1&genres=&include_child_genres_chk=1&include=both&origin_countries=&limit=none&countries=,https://rateyourmusic.com/release/album/pink_floyd/meddle/,/release/album/pink_floyd/meddle/,[Album975],Meddle,Pink Floyd,4.01
webpage/url:https://rateyourmusic.com/customchart?page=1&chart_type=top&type=album&year=alltime&genre_include=1&include_child_genres=1&genres=&include_child_genres_chk=1&include=both&origin_countries=&limit=none&countries=|,86,rym 300,rym 300,86,https://rateyourmusic.com/customchart?page=1&chart_type=top&type=album&year=alltime&genre_include=1&include_child_genres=1&genres=&include_child_genres_chk=1&include=both&origin_countries=&limit=none&countries=,https://rateyourmusic.com/release/album/neil_young/harvest/,/release/album/neil_young/harvest/,[Album2338],Harvest,Neil Young,4.08
webpage/url:https://rateyourmusic.com/customchart?page=1&chart_type=top&type=album&year=alltime&genre_include=1&include_child_genres=1&genres=&include_child_genres_chk=1&include=both&origin_countries=&limit=none&countries=|,87,rym 300,rym 300,87,https://rateyourmusic.com/customchart?page=1&chart_type=top&type=album&year=alltime&genre_include=1&include_child_genres=1&genres=&include_child_genres_chk=1&include=both&origin_countries=&limit=none&countries=,https://rateyourmusic.com/release/album/marvin_gaye/whats_going_on/,/release/album/marvin_gaye/whats_going_on/,[Album5892],What's Going On,Marvin Gaye,4.10
webpage/url:https://rateyourmusic.com/customchart?page=1&chart_type=top&type=album&year=alltime&genre_include=1&include_child_genres=1&genres=&include_child_genres_chk=1&include=both&origin_countries=&limit=none&countries=|,88,rym 300,rym 300,88,https://rateyourmusic.com/customchart?page=1&chart_type=top&type=album&year=alltime&genre_include=1&include_child_genres=1&genres=&include_child_genres_chk=1&include=both&origin_countries=&limit=none&countries=,https://rateyourmusic.com/release/album/talk_talk/spirit_of_eden/,/release/album/talk_talk/spirit_of_eden/,[Album2679],Spirit of Eden,Talk Talk,4.10
webpage/url:https://rateyourmusic.com/customchart?page=1&chart_type=top&type=album&year=alltime&genre_include=1&include_child_genres=1&genres=&include_child_genres_chk=1&include=both&origin_countries=&limit=none&countries=|,89,rym 300,rym 300,89,https://rateyourmusic.com/customchart?page=1&chart_type=top&type=album&year=alltime&genre_include=1&include_child_genres=1&genres=&include_child_genres_chk=1&include=both&origin_countries=&limit=none&countries=,https://rateyourmusic.com/release/album/van_morrison/astral_weeks/,/release/album/van_morrison/astral_weeks/,[Album356],Astral Weeks,Van Morrison,4.09
webpage/url:https://rateyourmusic.com/customchart?page=1&chart_type=top&type=album&year=alltime&genre_include=1&include_child_genres=1&genres=&include_child_genres_chk=1&include=both&origin_countries=&limit=none&countries=|,90,rym 300,rym 300,90,https://rateyourmusic.com/customchart?page=1&chart_type=top&type=album&year=alltime&genre_include=1&include_child_genres=1&genres=&include_child_genres_chk=1&include=both&origin_countries=&limit=none&countries=,https://rateyourmusic.com/release/album/slayer/reign_in_blood/,/release/album/slayer/reign_in_blood/,[Album2771],Reign in Blood,Slayer,4.04
webpage/url:https://rateyourmusic.com/customchart?page=1&chart_type=top&type=album&year=alltime&genre_include=1&include_child_genres=1&genres=&include_child_genres_chk=1&include=both&origin_countries=&limit=none&countries=|,91,rym 300,rym 300,91,https://rateyourmusic.com/customchart?page=1&chart_type=top&type=album&year=alltime&genre_include=1&include_child_genres=1&genres=&include_child_genres_chk=1&include=both&origin_countries=&limit=none&countries=,https://rateyourmusic.com/release/album/charles_mingus/mingus_ah_um/,/release/album/charles_mingus/mingus_ah_um/,[Album11222],Mingus Ah Um,Charles Mingus,4.18
webpage/url:https://rateyourmusic.com/customchart?page=1&chart_type=top&type=album&year=alltime&genre_include=1&include_child_genres=1&genres=&include_child_genres_chk=1&include=both&origin_countries=&limit=none&countries=|,92,rym 300,rym 300,92,https://rateyourmusic.com/customchart?page=1&chart_type=top&type=album&year=alltime&genre_include=1&include_child_genres=1&genres=&include_child_genres_chk=1&include=both&origin_countries=&limit=none&countries=,https://rateyourmusic.com/release/album/megadeth/rust_in_peace/,/release/album/megadeth/rust_in_peace/,[Album3783],Rust in Peace,Megadeth,4.06
webpage/url:https://rateyourmusic.com/customchart?page=1&chart_type=top&type=album&year=alltime&genre_include=1&include_child_genres=1&genres=&include_child_genres_chk=1&include=both&origin_countries=&limit=none&countries=|,93,rym 300,rym 300,93,https://rateyourmusic.com/customchart?page=1&chart_type=top&type=album&year=alltime&genre_include=1&include_child_genres=1&genres=&include_child_genres_chk=1&include=both&origin_countries=&limit=none&countries=,https://rateyourmusic.com/release/album/bob_dylan/the_freewheelin_bob_dylan/,/release/album/bob_dylan/the_freewheelin_bob_dylan/,[Album6296],The Freewheelin' Bob Dylan,Bob Dylan,4.09
webpage/url:https://rateyourmusic.com/customchart?page=1&chart_type=top&type=album&year=alltime&genre_include=1&include_child_genres=1&genres=&include_child_genres_chk=1&include=both&origin_countries=&limit=none&countries=|,94,rym 300,rym 300,94,https://rateyourmusic.com/customchart?page=1&chart_type=top&type=album&year=alltime&genre_include=1&include_child_genres=1&genres=&include_child_genres_chk=1&include=both&origin_countries=&limit=none&countries=,https://rateyourmusic.com/release/album/led_zeppelin/led_zeppelin_iii/,/release/album/led_zeppelin/led_zeppelin_iii/,[Album2028],Led Zeppelin III,Led Zeppelin,3.97
webpage/url:https://rateyourmusic.com/customchart?page=1&chart_type=top&type=album&year=alltime&genre_include=1&include_child_genres=1&genres=&include_child_genres_chk=1&include=both&origin_countries=&limit=none&countries=|,95,rym 300,rym 300,95,https://rateyourmusic.com/customchart?page=1&chart_type=top&type=album&year=alltime&genre_include=1&include_child_genres=1&genres=&include_child_genres_chk=1&include=both&origin_countries=&limit=none&countries=,https://rateyourmusic.com/release/album/talk_talk/laughing_stock/,/release/album/talk_talk/laughing_stock/,[Album2779],Laughing Stock,Talk Talk,4.09
webpage/url:https://rateyourmusic.com/customchart?page=1&chart_type=top&type=album&year=alltime&genre_include=1&include_child_genres=1&genres=&include_child_genres_chk=1&include=both&origin_countries=&limit=none&countries=|,96,rym 300,rym 300,96,https://rateyourmusic.com/customchart?page=1&chart_type=top&type=album&year=alltime&genre_include=1&include_child_genres=1&genres=&include_child_genres_chk=1&include=both&origin_countries=&limit=none&countries=,https://rateyourmusic.com/release/album/john_coltrane/giant_steps/,/release/album/john_coltrane/giant_steps/,[Album10701],Giant Steps,John Coltrane,4.16
webpage/url:https://rateyourmusic.com/customchart?page=1&chart_type=top&type=album&year=alltime&genre_include=1&include_child_genres=1&genres=&include_child_genres_chk=1&include=both&origin_countries=&limit=none&countries=|,97,rym 300,rym 300,97,https://rateyourmusic.com/customchart?page=1&chart_type=top&type=album&year=alltime&genre_include=1&include_child_genres=1&genres=&include_child_genres_chk=1&include=both&origin_countries=&limit=none&countries=,https://rateyourmusic.com/release/album/stevie_wonder/innervisions/,/release/album/stevie_wonder/innervisions/,[Album5734],Innervisions,Stevie Wonder,4.13
webpage/url:https://rateyourmusic.com/customchart?page=1&chart_type=top&type=album&year=alltime&genre_include=1&include_child_genres=1&genres=&include_child_genres_chk=1&include=both&origin_countries=&limit=none&countries=|,98,rym 300,rym 300,98,https://rateyourmusic.com/customchart?page=1&chart_type=top&type=album&year=alltime&genre_include=1&include_child_genres=1&genres=&include_child_genres_chk=1&include=both&origin_countries=&limit=none&countries=,https://rateyourmusic.com/release/album/jeff_buckley/grace/,/release/album/jeff_buckley/grace/,[Album902],Grace,Jeff Buckley,3.99
webpage/url:https://rateyourmusic.com/customchart?page=1&chart_type=top&type=album&year=alltime&genre_include=1&include_child_genres=1&genres=&include_child_genres_chk=1&include=both&origin_countries=&limit=none&countries=|,99,rym 300,rym 300,99,https://rateyourmusic.com/customchart?page=1&chart_type=top&type=album&year=alltime&genre_include=1&include_child_genres=1&genres=&include_child_genres_chk=1&include=both&origin_countries=&limit=none&countries=,https://rateyourmusic.com/release/album/massive_attack/mezzanine/,/release/album/massive_attack/mezzanine/,[Album2542],Mezzanine,Massive Attack,4.05
webpage/url:https://rateyourmusic.com/customchart?page=1&chart_type=top&type=album&year=alltime&genre_include=1&include_child_genres=1&genres=&include_child_genres_chk=1&include=both&origin_countries=&limit=none&countries=|,100,rym 300,rym 300,100,https://rateyourmusic.com/customchart?page=1&chart_type=top&type=album&year=alltime&genre_include=1&include_child_genres=1&genres=&include_child_genres_chk=1&include=both&origin_countries=&limit=none&countries=,https://rateyourmusic.com/release/album/creedence_clearwater_revival/cosmos_factory/,/release/album/creedence_clearwater_revival/cosmos_factory/,[Album8328],Cosmo's Factory,Creedence Clearwater Revival,4.13